source_document,source_url,source_printed_folio,source_section,source_serial_no,drain_name_as_published,length_km,catchment_area_sq_miles_interpreted,catchment_area_hectares_interpreted,design_discharge_cumec_interpreted,design_discharge_cusecs_interpreted,machine_readable_georeferenced_geometry_available,survey_status,source_value_consistency_note
Delhi Flood Control Order 2025,https://ifc.delhi.gov.in/sites/default/files/ifc/circulars-orders/fco_2025.pdf,30,Annexure B - Najafgarh Block South West Delhi,1,Najafgarh Drain,57.11,4223.57,1093900,283.13,10000,false,not_stated,
Delhi Flood Control Order 2025,https://ifc.delhi.gov.in/sites/default/files/ifc/circulars-orders/fco_2025.pdf,30,Annexure B - Najafgarh Block South West Delhi,2,Palam Drain,8.78,19.79,5128,86,3037,false,not_stated,
Delhi Flood Control Order 2025,https://ifc.delhi.gov.in/sites/default/files/ifc/circulars-orders/fco_2025.pdf,30,Annexure B - Najafgarh Block South West Delhi,3,Palam Link Drain,1.47,3.17,821,14.4,509,false,not_stated,
Delhi Flood Control Order 2025,https://ifc.delhi.gov.in/sites/default/files/ifc/circulars-orders/fco_2025.pdf,30,Annexure B - Najafgarh Block South West Delhi,4,Najafgarh Pond Drain,1.95,0.02,176,0.88,31,false,not_stated,"Catchment pair 0.02 sq mi and 176 ha is inconsistent; copied as printed, verify with I&FC"
Delhi Flood Control Order 2025,https://ifc.delhi.gov.in/sites/default/files/ifc/circulars-orders/fco_2025.pdf,30,Annexure B - Najafgarh Block South West Delhi,5,Nasirpur Link Drain,2.90,4.01,1038,28.88,1020,false,not_stated,
Delhi Flood Control Order 2025,https://ifc.delhi.gov.in/sites/default/files/ifc/circulars-orders/fco_2025.pdf,30,Annexure B - Najafgarh Block South West Delhi,6,Bijwasan Drain,4.20,10.64,2755.8,4.81,170,false,not_stated,
Delhi Flood Control Order 2025,https://ifc.delhi.gov.in/sites/default/files/ifc/circulars-orders/fco_2025.pdf,30,Annexure B - Najafgarh Block South West Delhi,7,Pankha Road Drain,3.60,3.16,818,28.32,1000,false,not_stated,
Delhi Flood Control Order 2025,https://ifc.delhi.gov.in/sites/default/files/ifc/circulars-orders/fco_2025.pdf,30,Annexure B - Najafgarh Block South West Delhi,8,Shahbad Mohammadpur Drain,0.23,9.37,2427,4.39,155,false,not_stated,
Delhi Flood Control Order 2025,https://ifc.delhi.gov.in/sites/default/files/ifc/circulars-orders/fco_2025.pdf,30,Annexure B - Najafgarh Block South West Delhi,9,Bhupania Chudania Drain (including Haryana portion) (in NCT),8.55,14.3,370.37,40.49,1430,false,not_stated,
Delhi Flood Control Order 2025,https://ifc.delhi.gov.in/sites/default/files/ifc/circulars-orders/fco_2025.pdf,30,Annexure B - Najafgarh Block South West Delhi,10,Mundela Drain,12.50,6.00,1554,1.70,60,false,not_stated,
Delhi Flood Control Order 2025,https://ifc.delhi.gov.in/sites/default/files/ifc/circulars-orders/fco_2025.pdf,30,Annexure B - Najafgarh Block South West Delhi,11,Nangli Sakrawati Link Drain,0.93,0.08,20.7,0.68,24,false,not_stated,
