agency,source_document,source_url,accessed_date,drain_name_as_published,chainage_from_m,chainage_to_m,reach_description_as_published,geometry_available,survey_status
Irrigation and Flood Control Department,Organizational Setup,https://ifc.delhi.gov.in/ifc/organizational-setup,2026-09-27,Najafgarh Drain,17905,30180,Dhoolsiras Bridge to Kakraula regulator,false,not_stated
Irrigation and Flood Control Department,Organizational Setup,https://ifc.delhi.gov.in/ifc/organizational-setup,2026-09-27,Najafgarh Pond Drain,0,1990,,false,not_stated
Irrigation and Flood Control Department,Organizational Setup,https://ifc.delhi.gov.in/ifc/organizational-setup,2026-09-27,Najafgarh Drain,30180,45316,Kakraula regulator to Basaidarapur Bridge,false,not_stated
Irrigation and Flood Control Department,Organizational Setup,https://ifc.delhi.gov.in/ifc/organizational-setup,2026-09-27,Nasirpur Drain,0,1900,,false,not_stated
Irrigation and Flood Control Department,Organizational Setup,https://ifc.delhi.gov.in/ifc/organizational-setup,2026-09-27,Pankha Road Drain,0,3600,,false,not_stated
Irrigation and Flood Control Department,Organizational Setup,https://ifc.delhi.gov.in/ifc/organizational-setup,2026-09-27,Palam Drain,0,8750,,false,not_stated
Irrigation and Flood Control Department,Organizational Setup,https://ifc.delhi.gov.in/ifc/organizational-setup,2026-09-27,Palam Link Drain,0,1465,,false,not_stated
Irrigation and Flood Control Department,Organizational Setup,https://ifc.delhi.gov.in/ifc/organizational-setup,2026-09-27,Bijwasan Drain,0,4200,,false,not_stated
Irrigation and Flood Control Department,Organizational Setup,https://ifc.delhi.gov.in/ifc/organizational-setup,2026-09-27,Shahbad Mohammadpur Drain,0,225,,false,not_stated
