candidate_record_id,source_document,source_url,source_section_year,source_serial_no,road_name_as_published,location_as_published,source_date_text,event_date,frequency_as_published,event_type,occurrence_reported,latitude,longitude,depth_cm,measurement_method,pilot_boundary_status,curation_status,curation_note
DTP21-026-20210713,Delhi Traffic Police — Compiled List of Water Logging Locations observed in 2021,https://traffic.delhipolice.gov.in/water-logging-area,2021,26,Dabri Flyover,On the loop of the flyover coming from Dabri side,13.07.2021,2021-07-13,1,reported_waterlogging_occurrence,true,,,,,not_checked,candidate_only,Extracted from the source table; exact pilot inclusion and event point not verified. Repeated rows from one source serial share a frequency value; do not sum this field across dates.
DTP21-029-20210713,Delhi Traffic Police — Compiled List of Water Logging Locations observed in 2021,https://traffic.delhipolice.gov.in/water-logging-area,2021,29,Drain Road (Dabri-Dwarka),Drain Road at various locations between Power House and Dabri roundabout,13.07.2021,2021-07-13,1,reported_waterlogging_occurrence,true,,,,,not_checked,candidate_only,Extracted from the source table; exact pilot inclusion and event point not verified. Repeated rows from one source serial share a frequency value; do not sum this field across dates.
DTP21-030-20210713,Delhi Traffic Police — Compiled List of Water Logging Locations observed in 2021,https://traffic.delhipolice.gov.in/water-logging-area,2021,30,Dwarka Link Road,Dwarka Underpass,13.07.2021,2021-07-13,3,reported_waterlogging_occurrence,true,,,,,not_checked,candidate_only,Extracted from the source table; exact pilot inclusion and event point not verified. Repeated rows from one source serial share a frequency value; do not sum this field across dates.
DTP21-030-20210719,Delhi Traffic Police — Compiled List of Water Logging Locations observed in 2021,https://traffic.delhipolice.gov.in/water-logging-area,2021,30,Dwarka Link Road,Dwarka Underpass,19.07.2021,2021-07-19,3,reported_waterlogging_occurrence,true,,,,,not_checked,candidate_only,Extracted from the source table; exact pilot inclusion and event point not verified. Repeated rows from one source serial share a frequency value; do not sum this field across dates.
DTP21-030-20210911,Delhi Traffic Police — Compiled List of Water Logging Locations observed in 2021,https://traffic.delhipolice.gov.in/water-logging-area,2021,30,Dwarka Link Road,Dwarka Underpass,11.09.2021,2021-09-11,3,reported_waterlogging_occurrence,true,,,,,not_checked,candidate_only,Extracted from the source table; exact pilot inclusion and event point not verified. Repeated rows from one source serial share a frequency value; do not sum this field across dates.
DTP21-031-20210713,Delhi Traffic Police — Compiled List of Water Logging Locations observed in 2021,https://traffic.delhipolice.gov.in/water-logging-area,2021,31,Dwarka Road,Hanuman Mandir near Palam flyover / towards Palam flyover from IOC Sadar Bazar,13.07.2021,2021-07-13,5,reported_waterlogging_occurrence,true,,,,,not_checked,candidate_only,Extracted from the source table; exact pilot inclusion and event point not verified. Repeated rows from one source serial share a frequency value; do not sum this field across dates.
DTP21-031-20210719,Delhi Traffic Police — Compiled List of Water Logging Locations observed in 2021,https://traffic.delhipolice.gov.in/water-logging-area,2021,31,Dwarka Road,Hanuman Mandir near Palam flyover / towards Palam flyover from IOC Sadar Bazar,19.07.2021,2021-07-19,5,reported_waterlogging_occurrence,true,,,,,not_checked,candidate_only,Extracted from the source table; exact pilot inclusion and event point not verified. Repeated rows from one source serial share a frequency value; do not sum this field across dates.
DTP21-031-20210831,Delhi Traffic Police — Compiled List of Water Logging Locations observed in 2021,https://traffic.delhipolice.gov.in/water-logging-area,2021,31,Dwarka Road,Hanuman Mandir near Palam flyover / towards Palam flyover from IOC Sadar Bazar,31.08.2021,2021-08-31,5,reported_waterlogging_occurrence,true,,,,,not_checked,candidate_only,Extracted from the source table; exact pilot inclusion and event point not verified. Repeated rows from one source serial share a frequency value; do not sum this field across dates.
DTP21-031-20210901,Delhi Traffic Police — Compiled List of Water Logging Locations observed in 2021,https://traffic.delhipolice.gov.in/water-logging-area,2021,31,Dwarka Road,Hanuman Mandir near Palam flyover / towards Palam flyover from IOC Sadar Bazar,01.09.2021,2021-09-01,5,reported_waterlogging_occurrence,true,,,,,not_checked,candidate_only,Extracted from the source table; exact pilot inclusion and event point not verified. Repeated rows from one source serial share a frequency value; do not sum this field across dates.
DTP21-031-20210911,Delhi Traffic Police — Compiled List of Water Logging Locations observed in 2021,https://traffic.delhipolice.gov.in/water-logging-area,2021,31,Dwarka Road,Hanuman Mandir near Palam flyover / towards Palam flyover from IOC Sadar Bazar,11.09.2021,2021-09-11,5,reported_waterlogging_occurrence,true,,,,,not_checked,candidate_only,Extracted from the source table; exact pilot inclusion and event point not verified. Repeated rows from one source serial share a frequency value; do not sum this field across dates.
DTP21-033-20210901,Delhi Traffic Police — Compiled List of Water Logging Locations observed in 2021,https://traffic.delhipolice.gov.in/water-logging-area,2021,33,Dwarka Road,Road No. 224 & 210 near Jal Board Booster pump,01.09.2021,2021-09-01,1,reported_waterlogging_occurrence,true,,,,,not_checked,candidate_only,Extracted from the source table; exact pilot inclusion and event point not verified. Repeated rows from one source serial share a frequency value; do not sum this field across dates.
DTP21-034-20210911,Delhi Traffic Police — Compiled List of Water Logging Locations observed in 2021,https://traffic.delhipolice.gov.in/water-logging-area,2021,34,Dwarka Road,"Sector-1, Dwarka Slip Road",11.09.2021,2021-09-11,1,reported_waterlogging_occurrence,true,,,,,not_checked,candidate_only,Extracted from the source table; exact pilot inclusion and event point not verified. Repeated rows from one source serial share a frequency value; do not sum this field across dates.
DTP21-091-20210719,Delhi Traffic Police — Compiled List of Water Logging Locations observed in 2021,https://traffic.delhipolice.gov.in/water-logging-area,2021,91,Najafgarh – Bahadurgarh Road,From Firni Road Najafgarh up to PTS Jharoda Kalan,19.07.2021,2021-07-19,1,reported_waterlogging_occurrence,true,,,,,not_checked,candidate_only,Extracted from the source table; exact pilot inclusion and event point not verified. Repeated rows from one source serial share a frequency value; do not sum this field across dates.
DTP21-092-20210911,Delhi Traffic Police — Compiled List of Water Logging Locations observed in 2021,https://traffic.delhipolice.gov.in/water-logging-area,2021,92,Najafgarh – Bijwasan Road,Near CISF Camp,11.09.2021,2021-09-11,1,reported_waterlogging_occurrence,true,,,,,not_checked,candidate_only,Extracted from the source table; exact pilot inclusion and event point not verified. Repeated rows from one source serial share a frequency value; do not sum this field across dates.
DTP21-093-20210901,Delhi Traffic Police — Compiled List of Water Logging Locations observed in 2021,https://traffic.delhipolice.gov.in/water-logging-area,2021,93,Najafgarh – Bijwasan Road,Near Golak Dham Bijwasan,01.09.2021,2021-09-01,1,reported_waterlogging_occurrence,true,,,,,not_checked,candidate_only,Extracted from the source table; exact pilot inclusion and event point not verified. Repeated rows from one source serial share a frequency value; do not sum this field across dates.
DTP21-094-20210911,Delhi Traffic Police — Compiled List of Water Logging Locations observed in 2021,https://traffic.delhipolice.gov.in/water-logging-area,2021,94,Najafgarh – Bijwasan Road,Near Indian Oil Corporation,11.09.2021,2021-09-11,1,reported_waterlogging_occurrence,true,,,,,not_checked,candidate_only,Extracted from the source table; exact pilot inclusion and event point not verified. Repeated rows from one source serial share a frequency value; do not sum this field across dates.
DTP21-095-20210713,Delhi Traffic Police — Compiled List of Water Logging Locations observed in 2021,https://traffic.delhipolice.gov.in/water-logging-area,2021,95,Najafgarh – Bijwasan Road,Under Bijwasan Flyover,13.07.2021,2021-07-13,1,reported_waterlogging_occurrence,true,,,,,not_checked,candidate_only,Extracted from the source table; exact pilot inclusion and event point not verified. Repeated rows from one source serial share a frequency value; do not sum this field across dates.
DTP21-096-20210719,Delhi Traffic Police — Compiled List of Water Logging Locations observed in 2021,https://traffic.delhipolice.gov.in/water-logging-area,2021,96,Najafgarh Firni Road,Firni Road,19.07.2021,2021-07-19,1,reported_waterlogging_occurrence,true,,,,,not_checked,candidate_only,Extracted from the source table; exact pilot inclusion and event point not verified. Repeated rows from one source serial share a frequency value; do not sum this field across dates.
DTP21-101-20210801,Delhi Traffic Police — Compiled List of Water Logging Locations observed in 2021,https://traffic.delhipolice.gov.in/water-logging-area,2021,101,Nangloi – Najafgarh Road,Baprola Village bus stand,01.08.2021,2021-08-01,1,reported_waterlogging_occurrence,true,,,,,not_checked,candidate_only,Extracted from the source table; exact pilot inclusion and event point not verified. Repeated rows from one source serial share a frequency value; do not sum this field across dates.
DTP21-102-20210719,Delhi Traffic Police — Compiled List of Water Logging Locations observed in 2021,https://traffic.delhipolice.gov.in/water-logging-area,2021,102,Nangloi – Najafgarh Road,Near Water Tank,19.07.2021,2021-07-19,5,reported_waterlogging_occurrence,true,,,,,not_checked,candidate_only,Extracted from the source table; exact pilot inclusion and event point not verified. Repeated rows from one source serial share a frequency value; do not sum this field across dates.
DTP21-102-20210801,Delhi Traffic Police — Compiled List of Water Logging Locations observed in 2021,https://traffic.delhipolice.gov.in/water-logging-area,2021,102,Nangloi – Najafgarh Road,Near Water Tank,01.08.2021,2021-08-01,5,reported_waterlogging_occurrence,true,,,,,not_checked,candidate_only,Extracted from the source table; exact pilot inclusion and event point not verified. Repeated rows from one source serial share a frequency value; do not sum this field across dates.
DTP21-102-20210821,Delhi Traffic Police — Compiled List of Water Logging Locations observed in 2021,https://traffic.delhipolice.gov.in/water-logging-area,2021,102,Nangloi – Najafgarh Road,Near Water Tank,21.08.2021,2021-08-21,5,reported_waterlogging_occurrence,true,,,,,not_checked,candidate_only,Extracted from the source table; exact pilot inclusion and event point not verified. Repeated rows from one source serial share a frequency value; do not sum this field across dates.
DTP21-102-20210831,Delhi Traffic Police — Compiled List of Water Logging Locations observed in 2021,https://traffic.delhipolice.gov.in/water-logging-area,2021,102,Nangloi – Najafgarh Road,Near Water Tank,31.08.2021,2021-08-31,5,reported_waterlogging_occurrence,true,,,,,not_checked,candidate_only,Extracted from the source table; exact pilot inclusion and event point not verified. Repeated rows from one source serial share a frequency value; do not sum this field across dates.
DTP21-102-20210911,Delhi Traffic Police — Compiled List of Water Logging Locations observed in 2021,https://traffic.delhipolice.gov.in/water-logging-area,2021,102,Nangloi – Najafgarh Road,Near Water Tank,11.09.2021,2021-09-11,5,reported_waterlogging_occurrence,true,,,,,not_checked,candidate_only,Extracted from the source table; exact pilot inclusion and event point not verified. Repeated rows from one source serial share a frequency value; do not sum this field across dates.
DTP21-151-20210713,Delhi Traffic Police — Compiled List of Water Logging Locations observed in 2021,https://traffic.delhipolice.gov.in/water-logging-area,2021,151,"Road No. 201, Dwarka",Near Rajapuri Bus stand,13.07.2021,2021-07-13,1,reported_waterlogging_occurrence,true,,,,,not_checked,candidate_only,Extracted from the source table; exact pilot inclusion and event point not verified. Repeated rows from one source serial share a frequency value; do not sum this field across dates.
DTP21-152-20210911,Delhi Traffic Police — Compiled List of Water Logging Locations observed in 2021,https://traffic.delhipolice.gov.in/water-logging-area,2021,152,"Road No. 226, Dwarka",Sector-20 near Marble Market,11.09.2021,2021-09-11,,reported_waterlogging_occurrence,true,,,,,not_checked,candidate_only,Extracted from the source table; exact pilot inclusion and event point not verified. Repeated rows from one source serial share a frequency value; do not sum this field across dates.
