"source_document","source_url","source_printed_folio_range","source_year_heading","source_serial_no","road_name_as_published","location_as_published","source_date_text","event_date","event_type","depth_cm","latitude","longitude","pilot_boundary_status","curation_status"
"Delhi Flood Control Order 2025","https://ifc.delhi.gov.in/sites/default/files/ifc/circulars-orders/fco_2025.pdf","52-62","2022","40","Firni Road","Najafgarh - Dhansa Stand side","30.06.2022","2022-06-30","reported_waterlogging_occurrence","","","","not_checked","candidate_only"
"Delhi Flood Control Order 2025","https://ifc.delhi.gov.in/sites/default/files/ifc/circulars-orders/fco_2025.pdf","52-62","2022","72","Najafgarh Road","Vikaspuri More redlight","30.06.2022","2022-06-30","reported_waterlogging_occurrence","","","","not_checked","candidate_only"
"Delhi Flood Control Order 2025","https://ifc.delhi.gov.in/sites/default/files/ifc/circulars-orders/fco_2025.pdf","52-62","2022","77","Old Palam Road","Under RTR Flyover","30.06.2022","2022-06-30","reported_waterlogging_occurrence","","","","not_checked","candidate_only"
"Delhi Flood Control Order 2025","https://ifc.delhi.gov.in/sites/default/files/ifc/circulars-orders/fco_2025.pdf","52-62","2022","102","Road No. 201","Side of Dwarka Palam Flyover","30.06.2022","2022-06-30","reported_waterlogging_occurrence","","","","not_checked","candidate_only"
"Delhi Flood Control Order 2025","https://ifc.delhi.gov.in/sites/default/files/ifc/circulars-orders/fco_2025.pdf","52-62","2022","113","Palam Road","Near Air Force Station exit","16.07.2022","2022-07-16","reported_waterlogging_occurrence","","","","not_checked","candidate_only"
"Delhi Flood Control Order 2025","https://ifc.delhi.gov.in/sites/default/files/ifc/circulars-orders/fco_2025.pdf","52-62","2022","119","Dwarka Road","Rajapuri Chowk near Sector-9 Dwarka","20.07.2022","2022-07-20","reported_waterlogging_occurrence","","","","not_checked","candidate_only"
"Delhi Flood Control Order 2025","https://ifc.delhi.gov.in/sites/default/files/ifc/circulars-orders/fco_2025.pdf","52-62","2022","120","Firni Road Najafgarh","Chhawla Bus Stand","20.07.2022","2022-07-20","reported_waterlogging_occurrence","","","","not_checked","candidate_only"
"Delhi Flood Control Order 2025","https://ifc.delhi.gov.in/sites/default/files/ifc/circulars-orders/fco_2025.pdf","52-62","2022","140","Najafgarh-Nangloi Road","Near Banke Bihari Sweets","08.10.2022","2022-10-08","reported_waterlogging_occurrence","","","","not_checked","candidate_only"
"Delhi Flood Control Order 2025","https://ifc.delhi.gov.in/sites/default/files/ifc/circulars-orders/fco_2025.pdf","52-62","2022","144","Dwarka Road","Dwarka Court Sector-9 & 10","09.10.2022","2022-10-09","reported_waterlogging_occurrence","","","","not_checked","candidate_only"
"Delhi Flood Control Order 2025","https://ifc.delhi.gov.in/sites/default/files/ifc/circulars-orders/fco_2025.pdf","63-73","2023","46","Drain Road Dabri","New Dabri R/A","04.07.2023","2023-07-04","reported_waterlogging_occurrence","","","","not_checked","candidate_only"
"Delhi Flood Control Order 2025","https://ifc.delhi.gov.in/sites/default/files/ifc/circulars-orders/fco_2025.pdf","63-73","2023","47","Drain Road Dabri","Near Power House Red Light","04.07.2023","2023-07-04","reported_waterlogging_occurrence","","","","not_checked","candidate_only"
"Delhi Flood Control Order 2025","https://ifc.delhi.gov.in/sites/default/files/ifc/circulars-orders/fco_2025.pdf","63-73","2023","48","Dwarka","Near Sector 14 Metro Station (Vegas Mall side)","04.07.2023","2023-07-04","reported_waterlogging_occurrence","","","","not_checked","candidate_only"
"Delhi Flood Control Order 2025","https://ifc.delhi.gov.in/sites/default/files/ifc/circulars-orders/fco_2025.pdf","63-73","2023","48","Dwarka","Near Sector 14 Metro Station (Vegas Mall side)","09.07.2023","2023-07-09","reported_waterlogging_occurrence","","","","not_checked","candidate_only"
"Delhi Flood Control Order 2025","https://ifc.delhi.gov.in/sites/default/files/ifc/circulars-orders/fco_2025.pdf","63-73","2023","48","Dwarka","Near Sector 14 Metro Station (Vegas Mall side)","10.07.2023","2023-07-10","reported_waterlogging_occurrence","","","","not_checked","candidate_only"
"Delhi Flood Control Order 2025","https://ifc.delhi.gov.in/sites/default/files/ifc/circulars-orders/fco_2025.pdf","63-73","2023","49","Firni Road Najafgarh","Chhawla Stand","08.07.2023","2023-07-08","reported_waterlogging_occurrence","","","","not_checked","candidate_only"
"Delhi Flood Control Order 2025","https://ifc.delhi.gov.in/sites/default/files/ifc/circulars-orders/fco_2025.pdf","63-73","2023","50","Firni Road Najafgarh","Delhi Gate","08.07.2023","2023-07-08","reported_waterlogging_occurrence","","","","not_checked","candidate_only"
"Delhi Flood Control Order 2025","https://ifc.delhi.gov.in/sites/default/files/ifc/circulars-orders/fco_2025.pdf","63-73","2023","51","Firni Road Najafgarh","Dhansa Stand to Bahadurgarh Stand","27.05.2023","2023-05-27","reported_waterlogging_occurrence","","","","not_checked","candidate_only"
"Delhi Flood Control Order 2025","https://ifc.delhi.gov.in/sites/default/files/ifc/circulars-orders/fco_2025.pdf","63-73","2023","51","Firni Road Najafgarh","Dhansa Stand to Bahadurgarh Stand","31.05.2023","2023-05-31","reported_waterlogging_occurrence","","","","not_checked","candidate_only"
"Delhi Flood Control Order 2025","https://ifc.delhi.gov.in/sites/default/files/ifc/circulars-orders/fco_2025.pdf","63-73","2023","51","Firni Road Najafgarh","Dhansa Stand to Bahadurgarh Stand","21.06.2023","2023-06-21","reported_waterlogging_occurrence","","","","not_checked","candidate_only"
"Delhi Flood Control Order 2025","https://ifc.delhi.gov.in/sites/default/files/ifc/circulars-orders/fco_2025.pdf","63-73","2023","51","Firni Road Najafgarh","Dhansa Stand to Bahadurgarh Stand","30.06.2023","2023-06-30","reported_waterlogging_occurrence","","","","not_checked","candidate_only"
"Delhi Flood Control Order 2025","https://ifc.delhi.gov.in/sites/default/files/ifc/circulars-orders/fco_2025.pdf","63-73","2023","51","Firni Road Najafgarh","Dhansa Stand to Bahadurgarh Stand","04.07.2023","2023-07-04","reported_waterlogging_occurrence","","","","not_checked","candidate_only"
"Delhi Flood Control Order 2025","https://ifc.delhi.gov.in/sites/default/files/ifc/circulars-orders/fco_2025.pdf","63-73","2023","51","Firni Road Najafgarh","Dhansa Stand to Bahadurgarh Stand","08.07.2023","2023-07-08","reported_waterlogging_occurrence","","","","not_checked","candidate_only"
"Delhi Flood Control Order 2025","https://ifc.delhi.gov.in/sites/default/files/ifc/circulars-orders/fco_2025.pdf","63-73","2023","51","Firni Road Najafgarh","Dhansa Stand to Bahadurgarh Stand","09.07.2023","2023-07-09","reported_waterlogging_occurrence","","","","not_checked","candidate_only"
"Delhi Flood Control Order 2025","https://ifc.delhi.gov.in/sites/default/files/ifc/circulars-orders/fco_2025.pdf","63-73","2023","52","Firni Road Najafgarh","Nangloi Stand","04.07.2023","2023-07-04","reported_waterlogging_occurrence","","","","not_checked","candidate_only"
"Delhi Flood Control Order 2025","https://ifc.delhi.gov.in/sites/default/files/ifc/circulars-orders/fco_2025.pdf","63-73","2023","108","Najafgarh","CRPF Camp Jharoda Kalan","09.07.2023","2023-07-09","reported_waterlogging_occurrence","","","","not_checked","candidate_only"
"Delhi Flood Control Order 2025","https://ifc.delhi.gov.in/sites/default/files/ifc/circulars-orders/fco_2025.pdf","63-73","2023","109","Najafgarh","Naveen Palace Jharoda Kalan","09.07.2023","2023-07-09","reported_waterlogging_occurrence","","","","not_checked","candidate_only"
"Delhi Flood Control Order 2025","https://ifc.delhi.gov.in/sites/default/files/ifc/circulars-orders/fco_2025.pdf","63-73","2023","110","Najafgarh","Sainik Enclave-2 Jharoda","09.07.2023","2023-07-09","reported_waterlogging_occurrence","","","","not_checked","candidate_only"
"Delhi Flood Control Order 2025","https://ifc.delhi.gov.in/sites/default/files/ifc/circulars-orders/fco_2025.pdf","63-73","2023","111","Najafgarh","Subzi Mandi Najafgarh","08.07.2023","2023-07-08","reported_waterlogging_occurrence","","","","not_checked","candidate_only"
"Delhi Flood Control Order 2025","https://ifc.delhi.gov.in/sites/default/files/ifc/circulars-orders/fco_2025.pdf","63-73","2023","112","Najafgarh-Kapashera","Bijwasan Market","27.05.2023","2023-05-27","reported_waterlogging_occurrence","","","","not_checked","candidate_only"
"Delhi Flood Control Order 2025","https://ifc.delhi.gov.in/sites/default/files/ifc/circulars-orders/fco_2025.pdf","63-73","2023","113","Najafgarh Road","Moti Nagar Flyover near TATA","09.07.2023","2023-07-09","reported_waterlogging_occurrence","","","","not_checked","candidate_only"
"Delhi Flood Control Order 2025","https://ifc.delhi.gov.in/sites/default/files/ifc/circulars-orders/fco_2025.pdf","63-73","2023","114","Najafgarh Road","Tuda Mandi Najafgarh","04.07.2023","2023-07-04","reported_waterlogging_occurrence","","","","not_checked","candidate_only"
"Delhi Flood Control Order 2025","https://ifc.delhi.gov.in/sites/default/files/ifc/circulars-orders/fco_2025.pdf","63-73","2023","115","Najafgarh Road","Uttam Nagar Metro Station","09.07.2023","2023-07-09","reported_waterlogging_occurrence","","","","not_checked","candidate_only"
"Delhi Flood Control Order 2025","https://ifc.delhi.gov.in/sites/default/files/ifc/circulars-orders/fco_2025.pdf","63-73","2023","116","Najafgarh Road","Zakhira to Moti Nagar","10.07.2023","2023-07-10","reported_waterlogging_occurrence","","","","not_checked","candidate_only"
"Delhi Flood Control Order 2025","https://ifc.delhi.gov.in/sites/default/files/ifc/circulars-orders/fco_2025.pdf","63-73","2023","117","Najafgarh Road-Azad","Dwarka Mod","04.07.2023","2023-07-04","reported_waterlogging_occurrence","","","","not_checked","candidate_only"
"Delhi Flood Control Order 2025","https://ifc.delhi.gov.in/sites/default/files/ifc/circulars-orders/fco_2025.pdf","63-73","2023","155","Pankha Road","Dabri Flyover on the Loop","21.06.2023","2023-06-21","reported_waterlogging_occurrence","","","","not_checked","candidate_only"
"Delhi Flood Control Order 2025","https://ifc.delhi.gov.in/sites/default/files/ifc/circulars-orders/fco_2025.pdf","63-73","2023","220","Road No. 201, Dwarka","ISKON Chowk","04.07.2023","2023-07-04","reported_waterlogging_occurrence","","","","not_checked","candidate_only"
"Delhi Flood Control Order 2025","https://ifc.delhi.gov.in/sites/default/files/ifc/circulars-orders/fco_2025.pdf","63-73","2023","221","Road No. 201, Dwarka","Raja Puri Red Light / Tiranga","03.05.2023","2023-05-03","reported_waterlogging_occurrence","","","","not_checked","candidate_only"
"Delhi Flood Control Order 2025","https://ifc.delhi.gov.in/sites/default/files/ifc/circulars-orders/fco_2025.pdf","63-73","2023","222","Road No. 214, Dwarka","Sector-12 Marble Market","05.07.2023","2023-07-05","reported_waterlogging_occurrence","","","","not_checked","candidate_only"
"Delhi Flood Control Order 2025","https://ifc.delhi.gov.in/sites/default/files/ifc/circulars-orders/fco_2025.pdf","63-73","2023","223","Road No. 226, Dwarka","Sector-19/20 Marble Market Dwarka","04.07.2023","2023-07-04","reported_waterlogging_occurrence","","","","not_checked","candidate_only"
"Delhi Flood Control Order 2025","https://ifc.delhi.gov.in/sites/default/files/ifc/circulars-orders/fco_2025.pdf","63-73","2023","223","Road No. 226, Dwarka","Sector-19/20 Marble Market Dwarka","09.07.2023","2023-07-09","reported_waterlogging_occurrence","","","","not_checked","candidate_only"
"Delhi Flood Control Order 2025","https://ifc.delhi.gov.in/sites/default/files/ifc/circulars-orders/fco_2025.pdf","63-73","2023","224","Road No. 226, Dwarka","Sector-20 Dwarka","27.05.2023","2023-05-27","reported_waterlogging_occurrence","","","","not_checked","candidate_only"
"Delhi Flood Control Order 2025","https://ifc.delhi.gov.in/sites/default/files/ifc/circulars-orders/fco_2025.pdf","63-73","2023","251","Sector 22, Dwarka","Sector 22 Dwarka","09.07.2023","2023-07-09","reported_waterlogging_occurrence","","","","not_checked","candidate_only"
