source_document,source_url,source_section_year,source_serial_no,source_workbook_row,road_name_as_published,location_as_published,source_date_text,event_date,frequency_count_from_candidate_workbook,event_type,occurrence_reported,depth_cm,measurement_method,latitude,longitude,pilot_boundary_status,curation_status,curation_note
Delhi Flood Control Order 2025,https://ifc.delhi.gov.in/sites/default/files/ifc/circulars-orders/fco_2025.pdf,2022,38,2,Chhawla Road,Chhawla Stand to BDO Office Road,30.06.2022,2022-06-30,1,reported_waterlogging,1,,,,,not_checked,candidate_only,User-flagged candidate; road name itself does not contain Dwarka/Najafgarh
Delhi Flood Control Order 2025,https://ifc.delhi.gov.in/sites/default/files/ifc/circulars-orders/fco_2025.pdf,2022,40,3,"Firni Road, Najafgarh",Dhansa Stand to Bahadurgarh Stand Road,30.06.2022,2022-06-30,4,reported_waterlogging,1,,,,,not_checked,candidate_only,
Delhi Flood Control Order 2025,https://ifc.delhi.gov.in/sites/default/files/ifc/circulars-orders/fco_2025.pdf,2022,40,4,"Firni Road, Najafgarh",Dhansa Stand to Bahadurgarh Stand Road,11.07.2022,2022-07-11,4,reported_waterlogging,1,,,,,not_checked,candidate_only,
Delhi Flood Control Order 2025,https://ifc.delhi.gov.in/sites/default/files/ifc/circulars-orders/fco_2025.pdf,2022,40,5,"Firni Road, Najafgarh",Dhansa Stand to Bahadurgarh Stand Road,20.07.2022,2022-07-20,4,reported_waterlogging,1,,,,,not_checked,candidate_only,
Delhi Flood Control Order 2025,https://ifc.delhi.gov.in/sites/default/files/ifc/circulars-orders/fco_2025.pdf,2022,40,6,"Firni Road, Najafgarh",Dhansa Stand to Bahadurgarh Stand Road,24.09.2022,2022-09-24,4,reported_waterlogging,1,,,,,not_checked,candidate_only,
Delhi Flood Control Order 2025,https://ifc.delhi.gov.in/sites/default/files/ifc/circulars-orders/fco_2025.pdf,2022,41,7,"Firni Road, Najafgarh",Firni Road,02.07.2018,2018-07-02,6,reported_waterlogging,1,,,,,not_checked,candidate_only,Pre-2022 dates listed under 2022 heading in source PDF; recorded as printed Printed event date year 2018 differs from source section heading 2022; both retained as printed.
Delhi Flood Control Order 2025,https://ifc.delhi.gov.in/sites/default/files/ifc/circulars-orders/fco_2025.pdf,2022,41,8,"Firni Road, Najafgarh",Firni Road,22.07.2018,2018-07-22,6,reported_waterlogging,1,,,,,not_checked,candidate_only,Pre-2022 dates listed under 2022 heading in source PDF; recorded as printed Printed event date year 2018 differs from source section heading 2022; both retained as printed.
Delhi Flood Control Order 2025,https://ifc.delhi.gov.in/sites/default/files/ifc/circulars-orders/fco_2025.pdf,2022,41,9,"Firni Road, Najafgarh",Firni Road,26.07.2018,2018-07-26,6,reported_waterlogging,1,,,,,not_checked,candidate_only,Pre-2022 dates listed under 2022 heading in source PDF; recorded as printed Printed event date year 2018 differs from source section heading 2022; both retained as printed.
Delhi Flood Control Order 2025,https://ifc.delhi.gov.in/sites/default/files/ifc/circulars-orders/fco_2025.pdf,2022,41,10,"Firni Road, Najafgarh",Firni Road,28.08.2018,2018-08-28,6,reported_waterlogging,1,,,,,not_checked,candidate_only,Pre-2022 dates listed under 2022 heading in source PDF; recorded as printed Printed event date year 2018 differs from source section heading 2022; both retained as printed.
Delhi Flood Control Order 2025,https://ifc.delhi.gov.in/sites/default/files/ifc/circulars-orders/fco_2025.pdf,2022,41,11,"Firni Road, Najafgarh",Firni Road,23.09.2018,2018-09-23,6,reported_waterlogging,1,,,,,not_checked,candidate_only,Pre-2022 dates listed under 2022 heading in source PDF; recorded as printed Printed event date year 2018 differs from source section heading 2022; both retained as printed.
Delhi Flood Control Order 2025,https://ifc.delhi.gov.in/sites/default/files/ifc/circulars-orders/fco_2025.pdf,2022,41,12,"Firni Road, Najafgarh",Firni Road,30.06.2022,2022-06-30,6,reported_waterlogging,1,,,,,not_checked,candidate_only,Pre-2022 dates listed under 2022 heading in source PDF; recorded as printed
Delhi Flood Control Order 2025,https://ifc.delhi.gov.in/sites/default/files/ifc/circulars-orders/fco_2025.pdf,2022,72,13,Najafgarh Road,"Vikaspuri More redlight, Najafgarh Road",30.06.2022,2022-06-30,1,reported_waterlogging,1,,,,,not_checked,candidate_only,
Delhi Flood Control Order 2025,https://ifc.delhi.gov.in/sites/default/files/ifc/circulars-orders/fco_2025.pdf,2022,119,17,Dwarka Road,"Rajapuri Chowk near Sector-9, Dwarka",20.07.2022,2022-07-20,1,reported_waterlogging,1,,,,,not_checked,candidate_only,"Recovered from official FCO 2025 section 2022, serial 119; candidate workbook had marked this location not found."
Delhi Flood Control Order 2025,https://ifc.delhi.gov.in/sites/default/files/ifc/circulars-orders/fco_2025.pdf,2022,120,16,"Firni Road, Najafgarh","Chhawla Bus Stand, Najafgarh",20.07.2022,2022-07-20,1,reported_waterlogging,1,,,,,not_checked,candidate_only,"Recovered from official FCO 2025 section 2022, serial 120; candidate workbook had marked this location not found."
Delhi Flood Control Order 2025,https://ifc.delhi.gov.in/sites/default/files/ifc/circulars-orders/fco_2025.pdf,2022,140,14,Najafgarh-Nangloi Road,Near Banke Bihari Sweets,08.10.2022,2022-10-08,1,reported_waterlogging,1,,,,,not_checked,candidate_only,
Delhi Flood Control Order 2025,https://ifc.delhi.gov.in/sites/default/files/ifc/circulars-orders/fco_2025.pdf,2022,144,15,Dwarka Road,Dwarka Court Sector-9 & 10,09.10.2022,2022-10-09,1,reported_waterlogging,1,,,,,not_checked,candidate_only,
Delhi Flood Control Order 2025,https://ifc.delhi.gov.in/sites/default/files/ifc/circulars-orders/fco_2025.pdf,2023,46,18,Drain Road,"Dabri, New Dabri R/A",04.07.2023,2023-07-04,1,reported_waterlogging,1,,,,,not_checked,candidate_only,
Delhi Flood Control Order 2025,https://ifc.delhi.gov.in/sites/default/files/ifc/circulars-orders/fco_2025.pdf,2023,47,19,"Drain Road, Dabri",Near Power House Red Light,04.07.2023,2023-07-04,1,reported_waterlogging,1,,,,,not_checked,candidate_only,
Delhi Flood Control Order 2025,https://ifc.delhi.gov.in/sites/default/files/ifc/circulars-orders/fco_2025.pdf,2023,48,20,Dwarka,Near Sector 14 Metro Station (Vegas Mall side),04.07.2023,2023-07-04,3,reported_waterlogging,1,,,,,not_checked,candidate_only,
Delhi Flood Control Order 2025,https://ifc.delhi.gov.in/sites/default/files/ifc/circulars-orders/fco_2025.pdf,2023,48,21,Dwarka,Near Sector 14 Metro Station (Vegas Mall side),09.07.2023,2023-07-09,3,reported_waterlogging,1,,,,,not_checked,candidate_only,
Delhi Flood Control Order 2025,https://ifc.delhi.gov.in/sites/default/files/ifc/circulars-orders/fco_2025.pdf,2023,48,22,Dwarka,Near Sector 14 Metro Station (Vegas Mall side),10.07.2023,2023-07-10,3,reported_waterlogging,1,,,,,not_checked,candidate_only,
Delhi Flood Control Order 2025,https://ifc.delhi.gov.in/sites/default/files/ifc/circulars-orders/fco_2025.pdf,2023,49,23,"Firni Road, Najafgarh",Chhawla Stand,08.07.2023,2023-07-08,2,reported_waterlogging,1,,,,,not_checked,candidate_only,
Delhi Flood Control Order 2025,https://ifc.delhi.gov.in/sites/default/files/ifc/circulars-orders/fco_2025.pdf,2023,49,24,"Firni Road, Najafgarh",Chhawla Stand,09.07.2023,2023-07-09,2,reported_waterlogging,1,,,,,not_checked,candidate_only,
Delhi Flood Control Order 2025,https://ifc.delhi.gov.in/sites/default/files/ifc/circulars-orders/fco_2025.pdf,2023,50,25,"Firni Road, Najafgarh",Delhi Gate,08.07.2023,2023-07-08,1,reported_waterlogging,1,,,,,not_checked,candidate_only,
Delhi Flood Control Order 2025,https://ifc.delhi.gov.in/sites/default/files/ifc/circulars-orders/fco_2025.pdf,2023,51,26,"Firni Road, Najafgarh",Dhansa Stand to Bahadurgarh Stand,27.05.2023,2023-05-27,11,reported_waterlogging,1,,,,,not_checked,candidate_only,Listed under 2023 heading but includes 2024 dates as printed in source
Delhi Flood Control Order 2025,https://ifc.delhi.gov.in/sites/default/files/ifc/circulars-orders/fco_2025.pdf,2023,51,27,"Firni Road, Najafgarh",Dhansa Stand to Bahadurgarh Stand,31.05.2023,2023-05-31,11,reported_waterlogging,1,,,,,not_checked,candidate_only,Listed under 2023 heading but includes 2024 dates as printed in source
Delhi Flood Control Order 2025,https://ifc.delhi.gov.in/sites/default/files/ifc/circulars-orders/fco_2025.pdf,2023,51,28,"Firni Road, Najafgarh",Dhansa Stand to Bahadurgarh Stand,21.06.2023,2023-06-21,11,reported_waterlogging,1,,,,,not_checked,candidate_only,Listed under 2023 heading but includes 2024 dates as printed in source
Delhi Flood Control Order 2025,https://ifc.delhi.gov.in/sites/default/files/ifc/circulars-orders/fco_2025.pdf,2023,51,29,"Firni Road, Najafgarh",Dhansa Stand to Bahadurgarh Stand,30.06.2023,2023-06-30,11,reported_waterlogging,1,,,,,not_checked,candidate_only,Listed under 2023 heading but includes 2024 dates as printed in source
Delhi Flood Control Order 2025,https://ifc.delhi.gov.in/sites/default/files/ifc/circulars-orders/fco_2025.pdf,2023,51,30,"Firni Road, Najafgarh",Dhansa Stand to Bahadurgarh Stand,04.07.2023,2023-07-04,11,reported_waterlogging,1,,,,,not_checked,candidate_only,Listed under 2023 heading but includes 2024 dates as printed in source
Delhi Flood Control Order 2025,https://ifc.delhi.gov.in/sites/default/files/ifc/circulars-orders/fco_2025.pdf,2023,51,31,"Firni Road, Najafgarh",Dhansa Stand to Bahadurgarh Stand,08.07.2023,2023-07-08,11,reported_waterlogging,1,,,,,not_checked,candidate_only,Listed under 2023 heading but includes 2024 dates as printed in source
Delhi Flood Control Order 2025,https://ifc.delhi.gov.in/sites/default/files/ifc/circulars-orders/fco_2025.pdf,2023,51,32,"Firni Road, Najafgarh",Dhansa Stand to Bahadurgarh Stand,09.07.2023,2023-07-09,11,reported_waterlogging,1,,,,,not_checked,candidate_only,Listed under 2023 heading but includes 2024 dates as printed in source
Delhi Flood Control Order 2025,https://ifc.delhi.gov.in/sites/default/files/ifc/circulars-orders/fco_2025.pdf,2023,51,33,"Firni Road, Najafgarh",Dhansa Stand to Bahadurgarh Stand,10.09.2023,2023-09-10,11,reported_waterlogging,1,,,,,not_checked,candidate_only,Listed under 2023 heading but includes 2024 dates as printed in source
Delhi Flood Control Order 2025,https://ifc.delhi.gov.in/sites/default/files/ifc/circulars-orders/fco_2025.pdf,2023,51,34,"Firni Road, Najafgarh",Dhansa Stand to Bahadurgarh Stand,22.07.2024,2024-07-22,11,reported_waterlogging,1,,,,,not_checked,candidate_only,Listed under 2023 heading but includes 2024 dates as printed in source Printed event date year 2024 differs from source section heading 2023; both retained as printed.
Delhi Flood Control Order 2025,https://ifc.delhi.gov.in/sites/default/files/ifc/circulars-orders/fco_2025.pdf,2023,51,35,"Firni Road, Najafgarh",Dhansa Stand to Bahadurgarh Stand,07.08.2024,2024-08-07,11,reported_waterlogging,1,,,,,not_checked,candidate_only,Listed under 2023 heading but includes 2024 dates as printed in source Printed event date year 2024 differs from source section heading 2023; both retained as printed.
Delhi Flood Control Order 2025,https://ifc.delhi.gov.in/sites/default/files/ifc/circulars-orders/fco_2025.pdf,2023,51,36,"Firni Road, Najafgarh",Dhansa Stand to Bahadurgarh Stand,11.08.2024,2024-08-11,11,reported_waterlogging,1,,,,,not_checked,candidate_only,Listed under 2023 heading but includes 2024 dates as printed in source Printed event date year 2024 differs from source section heading 2023; both retained as printed.
Delhi Flood Control Order 2025,https://ifc.delhi.gov.in/sites/default/files/ifc/circulars-orders/fco_2025.pdf,2023,52,37,"Firni Road, Najafgarh",Nangloi Stand,04.07.2023,2023-07-04,2,reported_waterlogging,1,,,,,not_checked,candidate_only,
Delhi Flood Control Order 2025,https://ifc.delhi.gov.in/sites/default/files/ifc/circulars-orders/fco_2025.pdf,2023,52,38,"Firni Road, Najafgarh",Nangloi Stand,08.07.2023,2023-07-08,2,reported_waterlogging,1,,,,,not_checked,candidate_only,
Delhi Flood Control Order 2025,https://ifc.delhi.gov.in/sites/default/files/ifc/circulars-orders/fco_2025.pdf,2023,108,39,Najafgarh-Bahadurgarh Road,CRPF Camp Jharoda Kalan,09.07.2023,2023-07-09,1,reported_waterlogging,1,,,,,not_checked,candidate_only,
Delhi Flood Control Order 2025,https://ifc.delhi.gov.in/sites/default/files/ifc/circulars-orders/fco_2025.pdf,2023,109,40,Najafgarh-Bahadurgarh Road,Naveen Palace Jharoda Kalan,09.07.2023,2023-07-09,1,reported_waterlogging,1,,,,,not_checked,candidate_only,
Delhi Flood Control Order 2025,https://ifc.delhi.gov.in/sites/default/files/ifc/circulars-orders/fco_2025.pdf,2023,110,41,Najafgarh-Bahadurgarh Road,"Sainik Enclave-2, Jharoda Kalan",09.07.2023,2023-07-09,1,reported_waterlogging,1,,,,,not_checked,candidate_only,
Delhi Flood Control Order 2025,https://ifc.delhi.gov.in/sites/default/files/ifc/circulars-orders/fco_2025.pdf,2023,111,42,Najafgarh-Bahadurgarh Road,"Subzi Mandi, Najafgarh",08.07.2023,2023-07-08,1,reported_waterlogging,1,,,,,not_checked,candidate_only,
Delhi Flood Control Order 2025,https://ifc.delhi.gov.in/sites/default/files/ifc/circulars-orders/fco_2025.pdf,2023,112,43,Najafgarh-Kapashera Road,Bijwasan Market,27.05.2023,2023-05-27,1,reported_waterlogging,1,,,,,not_checked,candidate_only,
Delhi Flood Control Order 2025,https://ifc.delhi.gov.in/sites/default/files/ifc/circulars-orders/fco_2025.pdf,2023,113,44,Najafgarh Road,"Moti Nagar Flyover, near TATA Showroom",09.07.2023,2023-07-09,1,reported_waterlogging,1,,,,,not_checked,candidate_only,
Delhi Flood Control Order 2025,https://ifc.delhi.gov.in/sites/default/files/ifc/circulars-orders/fco_2025.pdf,2023,114,45,Najafgarh Road,"Tuda Mandi, Najafgarh",04.07.2023,2023-07-04,1,reported_waterlogging,1,,,,,not_checked,candidate_only,
Delhi Flood Control Order 2025,https://ifc.delhi.gov.in/sites/default/files/ifc/circulars-orders/fco_2025.pdf,2023,115,46,Najafgarh Road,Uttam Nagar Metro Station,09.07.2023,2023-07-09,1,reported_waterlogging,1,,,,,not_checked,candidate_only,
Delhi Flood Control Order 2025,https://ifc.delhi.gov.in/sites/default/files/ifc/circulars-orders/fco_2025.pdf,2023,116,47,Najafgarh Road,Zakhira to Moti Nagar,10.07.2023,2023-07-10,2,reported_waterlogging,1,,,,,not_checked,candidate_only,Listed under 2023 heading but includes a 2024 date as printed
Delhi Flood Control Order 2025,https://ifc.delhi.gov.in/sites/default/files/ifc/circulars-orders/fco_2025.pdf,2023,116,48,Najafgarh Road,Zakhira to Moti Nagar,27.06.2024,2024-06-27,2,reported_waterlogging,1,,,,,not_checked,candidate_only,Listed under 2023 heading but includes a 2024 date as printed Printed event date year 2024 differs from source section heading 2023; both retained as printed.
Delhi Flood Control Order 2025,https://ifc.delhi.gov.in/sites/default/files/ifc/circulars-orders/fco_2025.pdf,2023,117,49,Najafgarh Road-Azad Hind Fauz Marg,Dwarka Mod,04.07.2023,2023-07-04,2,reported_waterlogging,1,,,,,not_checked,candidate_only,
Delhi Flood Control Order 2025,https://ifc.delhi.gov.in/sites/default/files/ifc/circulars-orders/fco_2025.pdf,2023,117,50,Najafgarh Road-Azad Hind Fauz Marg,Dwarka Mod,09.07.2023,2023-07-09,2,reported_waterlogging,1,,,,,not_checked,candidate_only,
Delhi Flood Control Order 2025,https://ifc.delhi.gov.in/sites/default/files/ifc/circulars-orders/fco_2025.pdf,2023,220,51,"Road No.201, Dwarka",ISKON Chowk,04.07.2023,2023-07-04,1,reported_waterlogging,1,,,,,not_checked,candidate_only,
Delhi Flood Control Order 2025,https://ifc.delhi.gov.in/sites/default/files/ifc/circulars-orders/fco_2025.pdf,2023,221,52,"Road No.201, Dwarka",Raja Puri Red Light / Tiranga Chowk,03.05.2023,2023-05-03,9,reported_waterlogging,1,,,,,not_checked,candidate_only,Listed under 2023 heading but includes 2024 dates as printed
Delhi Flood Control Order 2025,https://ifc.delhi.gov.in/sites/default/files/ifc/circulars-orders/fco_2025.pdf,2023,221,53,"Road No.201, Dwarka",Raja Puri Red Light / Tiranga Chowk,27.05.2023,2023-05-27,9,reported_waterlogging,1,,,,,not_checked,candidate_only,Listed under 2023 heading but includes 2024 dates as printed
Delhi Flood Control Order 2025,https://ifc.delhi.gov.in/sites/default/files/ifc/circulars-orders/fco_2025.pdf,2023,221,54,"Road No.201, Dwarka",Raja Puri Red Light / Tiranga Chowk,31.05.2023,2023-05-31,9,reported_waterlogging,1,,,,,not_checked,candidate_only,Listed under 2023 heading but includes 2024 dates as printed
Delhi Flood Control Order 2025,https://ifc.delhi.gov.in/sites/default/files/ifc/circulars-orders/fco_2025.pdf,2023,221,55,"Road No.201, Dwarka",Raja Puri Red Light / Tiranga Chowk,21.06.2023,2023-06-21,9,reported_waterlogging,1,,,,,not_checked,candidate_only,Listed under 2023 heading but includes 2024 dates as printed
Delhi Flood Control Order 2025,https://ifc.delhi.gov.in/sites/default/files/ifc/circulars-orders/fco_2025.pdf,2023,221,56,"Road No.201, Dwarka",Raja Puri Red Light / Tiranga Chowk,25.06.2023,2023-06-25,9,reported_waterlogging,1,,,,,not_checked,candidate_only,Listed under 2023 heading but includes 2024 dates as printed
Delhi Flood Control Order 2025,https://ifc.delhi.gov.in/sites/default/files/ifc/circulars-orders/fco_2025.pdf,2023,221,57,"Road No.201, Dwarka",Raja Puri Red Light / Tiranga Chowk,09.07.2023,2023-07-09,9,reported_waterlogging,1,,,,,not_checked,candidate_only,Listed under 2023 heading but includes 2024 dates as printed
Delhi Flood Control Order 2025,https://ifc.delhi.gov.in/sites/default/files/ifc/circulars-orders/fco_2025.pdf,2023,221,58,"Road No.201, Dwarka",Raja Puri Red Light / Tiranga Chowk,15.07.2024,2024-07-15,9,reported_waterlogging,1,,,,,not_checked,candidate_only,Listed under 2023 heading but includes 2024 dates as printed Printed event date year 2024 differs from source section heading 2023; both retained as printed.
Delhi Flood Control Order 2025,https://ifc.delhi.gov.in/sites/default/files/ifc/circulars-orders/fco_2025.pdf,2023,221,59,"Road No.201, Dwarka",Raja Puri Red Light / Tiranga Chowk,31.07.2024,2024-07-31,9,reported_waterlogging,1,,,,,not_checked,candidate_only,Listed under 2023 heading but includes 2024 dates as printed Printed event date year 2024 differs from source section heading 2023; both retained as printed.
Delhi Flood Control Order 2025,https://ifc.delhi.gov.in/sites/default/files/ifc/circulars-orders/fco_2025.pdf,2023,221,60,"Road No.201, Dwarka",Raja Puri Red Light / Tiranga Chowk,04.09.2024,2024-09-04,9,reported_waterlogging,1,,,,,not_checked,candidate_only,Listed under 2023 heading but includes 2024 dates as printed Printed event date year 2024 differs from source section heading 2023; both retained as printed.
Delhi Flood Control Order 2025,https://ifc.delhi.gov.in/sites/default/files/ifc/circulars-orders/fco_2025.pdf,2023,222,61,"Road No.214, Dwarka",Sector-12 Marble Market,05.07.2023,2023-07-05,1,reported_waterlogging,1,,,,,not_checked,candidate_only,
Delhi Flood Control Order 2025,https://ifc.delhi.gov.in/sites/default/files/ifc/circulars-orders/fco_2025.pdf,2023,223,62,"Road No.226, Dwarka",Sector-19/20 Marble Market,04.07.2023,2023-07-04,,reported_waterlogging,1,,,,,not_checked,candidate_only,Workbook date was blank; event dates verified from the official FCO 2025 table.
Delhi Flood Control Order 2025,https://ifc.delhi.gov.in/sites/default/files/ifc/circulars-orders/fco_2025.pdf,2023,223,62,"Road No.226, Dwarka",Sector-19/20 Marble Market,09.07.2023,2023-07-09,,reported_waterlogging,1,,,,,not_checked,candidate_only,Workbook date was blank; event dates verified from the official FCO 2025 table.
Delhi Flood Control Order 2025,https://ifc.delhi.gov.in/sites/default/files/ifc/circulars-orders/fco_2025.pdf,2023,251,63,"Sector 22, Dwarka","Sector 22, Dwarka",09.07.2023,2023-07-09,1,reported_waterlogging,1,,,,,not_checked,candidate_only,
Delhi Flood Control Order 2025,https://ifc.delhi.gov.in/sites/default/files/ifc/circulars-orders/fco_2025.pdf,2024,65,64,"Drain Road, Dwarka-Dabri",Dabri Roundabout,15.07.2024,2024-07-15,11,reported_waterlogging,1,,,,,not_checked,candidate_only,
Delhi Flood Control Order 2025,https://ifc.delhi.gov.in/sites/default/files/ifc/circulars-orders/fco_2025.pdf,2024,65,65,"Drain Road, Dwarka-Dabri",Dabri Roundabout,24.07.2024,2024-07-24,11,reported_waterlogging,1,,,,,not_checked,candidate_only,
Delhi Flood Control Order 2025,https://ifc.delhi.gov.in/sites/default/files/ifc/circulars-orders/fco_2025.pdf,2024,65,66,"Drain Road, Dwarka-Dabri",Dabri Roundabout,31.07.2024,2024-07-31,11,reported_waterlogging,1,,,,,not_checked,candidate_only,
Delhi Flood Control Order 2025,https://ifc.delhi.gov.in/sites/default/files/ifc/circulars-orders/fco_2025.pdf,2024,65,67,"Drain Road, Dwarka-Dabri",Dabri Roundabout,11.08.2024,2024-08-11,11,reported_waterlogging,1,,,,,not_checked,candidate_only,
Delhi Flood Control Order 2025,https://ifc.delhi.gov.in/sites/default/files/ifc/circulars-orders/fco_2025.pdf,2024,65,68,"Drain Road, Dwarka-Dabri",Dabri Roundabout,12.08.2024,2024-08-12,11,reported_waterlogging,1,,,,,not_checked,candidate_only,
Delhi Flood Control Order 2025,https://ifc.delhi.gov.in/sites/default/files/ifc/circulars-orders/fco_2025.pdf,2024,65,69,"Drain Road, Dwarka-Dabri",Dabri Roundabout,13.08.2024,2024-08-13,11,reported_waterlogging,1,,,,,not_checked,candidate_only,
Delhi Flood Control Order 2025,https://ifc.delhi.gov.in/sites/default/files/ifc/circulars-orders/fco_2025.pdf,2024,65,70,"Drain Road, Dwarka-Dabri",Dabri Roundabout,29.08.2024,2024-08-29,11,reported_waterlogging,1,,,,,not_checked,candidate_only,
Delhi Flood Control Order 2025,https://ifc.delhi.gov.in/sites/default/files/ifc/circulars-orders/fco_2025.pdf,2024,65,71,"Drain Road, Dwarka-Dabri",Dabri Roundabout,02.09.2024,2024-09-02,11,reported_waterlogging,1,,,,,not_checked,candidate_only,
Delhi Flood Control Order 2025,https://ifc.delhi.gov.in/sites/default/files/ifc/circulars-orders/fco_2025.pdf,2024,65,72,"Drain Road, Dwarka-Dabri",Dabri Roundabout,04.09.2024,2024-09-04,11,reported_waterlogging,1,,,,,not_checked,candidate_only,
Delhi Flood Control Order 2025,https://ifc.delhi.gov.in/sites/default/files/ifc/circulars-orders/fco_2025.pdf,2024,65,73,"Drain Road, Dwarka-Dabri",Dabri Roundabout,12.09.2024,2024-09-12,11,reported_waterlogging,1,,,,,not_checked,candidate_only,
Delhi Flood Control Order 2025,https://ifc.delhi.gov.in/sites/default/files/ifc/circulars-orders/fco_2025.pdf,2024,65,74,"Drain Road, Dwarka-Dabri",Dabri Roundabout,14.09.2024,2024-09-14,11,reported_waterlogging,1,,,,,not_checked,candidate_only,
Delhi Flood Control Order 2025,https://ifc.delhi.gov.in/sites/default/files/ifc/circulars-orders/fco_2025.pdf,2024,66,75,"Drain Road, Dwarka-Dabri",Sector 2/6 crossing towards Dabri,12.08.2024,2024-08-12,6,reported_waterlogging,1,,,,,not_checked,candidate_only,
Delhi Flood Control Order 2025,https://ifc.delhi.gov.in/sites/default/files/ifc/circulars-orders/fco_2025.pdf,2024,66,76,"Drain Road, Dwarka-Dabri",Sector 2/6 crossing towards Dabri,13.08.2024,2024-08-13,6,reported_waterlogging,1,,,,,not_checked,candidate_only,
Delhi Flood Control Order 2025,https://ifc.delhi.gov.in/sites/default/files/ifc/circulars-orders/fco_2025.pdf,2024,66,77,"Drain Road, Dwarka-Dabri",Sector 2/6 crossing towards Dabri,29.08.2024,2024-08-29,6,reported_waterlogging,1,,,,,not_checked,candidate_only,
Delhi Flood Control Order 2025,https://ifc.delhi.gov.in/sites/default/files/ifc/circulars-orders/fco_2025.pdf,2024,66,78,"Drain Road, Dwarka-Dabri",Sector 2/6 crossing towards Dabri,04.09.2024,2024-09-04,6,reported_waterlogging,1,,,,,not_checked,candidate_only,
Delhi Flood Control Order 2025,https://ifc.delhi.gov.in/sites/default/files/ifc/circulars-orders/fco_2025.pdf,2024,66,79,"Drain Road, Dwarka-Dabri",Sector 2/6 crossing towards Dabri,12.09.2024,2024-09-12,6,reported_waterlogging,1,,,,,not_checked,candidate_only,
Delhi Flood Control Order 2025,https://ifc.delhi.gov.in/sites/default/files/ifc/circulars-orders/fco_2025.pdf,2024,66,80,"Drain Road, Dwarka-Dabri",Sector 2/6 crossing towards Dabri,14.09.2024,2024-09-14,6,reported_waterlogging,1,,,,,not_checked,candidate_only,
Delhi Flood Control Order 2025,https://ifc.delhi.gov.in/sites/default/files/ifc/circulars-orders/fco_2025.pdf,2024,67,81,"Drain Road, Dwarka-Dabri","Service Road near DTC Terminal Sector-2, Dwarka",31.07.2024,2024-07-31,5,reported_waterlogging,1,,,,,not_checked,candidate_only,
Delhi Flood Control Order 2025,https://ifc.delhi.gov.in/sites/default/files/ifc/circulars-orders/fco_2025.pdf,2024,67,82,"Drain Road, Dwarka-Dabri","Service Road near DTC Terminal Sector-2, Dwarka",12.08.2024,2024-08-12,5,reported_waterlogging,1,,,,,not_checked,candidate_only,
Delhi Flood Control Order 2025,https://ifc.delhi.gov.in/sites/default/files/ifc/circulars-orders/fco_2025.pdf,2024,67,83,"Drain Road, Dwarka-Dabri","Service Road near DTC Terminal Sector-2, Dwarka",13.08.2024,2024-08-13,5,reported_waterlogging,1,,,,,not_checked,candidate_only,
Delhi Flood Control Order 2025,https://ifc.delhi.gov.in/sites/default/files/ifc/circulars-orders/fco_2025.pdf,2024,67,84,"Drain Road, Dwarka-Dabri","Service Road near DTC Terminal Sector-2, Dwarka",29.08.2024,2024-08-29,5,reported_waterlogging,1,,,,,not_checked,candidate_only,
Delhi Flood Control Order 2025,https://ifc.delhi.gov.in/sites/default/files/ifc/circulars-orders/fco_2025.pdf,2024,67,85,"Drain Road, Dwarka-Dabri","Service Road near DTC Terminal Sector-2, Dwarka",04.09.2024,2024-09-04,5,reported_waterlogging,1,,,,,not_checked,candidate_only,
Delhi Flood Control Order 2025,https://ifc.delhi.gov.in/sites/default/files/ifc/circulars-orders/fco_2025.pdf,2024,68,86,Dwarka-Dabri Drain Road,Power House to Dabri Roundabout at several locations,29.08.2024,2024-08-29,1,reported_waterlogging,1,,,,,not_checked,candidate_only,
Delhi Flood Control Order 2025,https://ifc.delhi.gov.in/sites/default/files/ifc/circulars-orders/fco_2025.pdf,2024,69,87,Dwarka Road,"Dwarka Sector 19, 20, 21 & 23",28.06.2024,2024-06-28,1,reported_waterlogging,1,,,,,not_checked,candidate_only,
Delhi Flood Control Order 2025,https://ifc.delhi.gov.in/sites/default/files/ifc/circulars-orders/fco_2025.pdf,2024,74,88,Kapashera-Najafgarh Road,Bijwasan to Kapashera,28.06.2024,2024-06-28,1,reported_waterlogging,1,,,,,not_checked,candidate_only,
Delhi Flood Control Order 2025,https://ifc.delhi.gov.in/sites/default/files/ifc/circulars-orders/fco_2025.pdf,2024,130,89,"Road No. 201, Dwarka",Rajapuri to Madhu Vihar,16.08.2024,2024-08-16,1,reported_waterlogging,1,,,,,not_checked,candidate_only,
Delhi Flood Control Order 2025,https://ifc.delhi.gov.in/sites/default/files/ifc/circulars-orders/fco_2025.pdf,2024,139,90,"Sector 14 Road, Dwarka","Adjacent to Dwarka Sector 14 Metro Station (both side), slip roads for U-turns",11.08.2024,2024-08-11,3,reported_waterlogging,1,,,,,not_checked,candidate_only,
Delhi Flood Control Order 2025,https://ifc.delhi.gov.in/sites/default/files/ifc/circulars-orders/fco_2025.pdf,2024,139,91,"Sector 14 Road, Dwarka","Adjacent to Dwarka Sector 14 Metro Station (both side), slip roads for U-turns",12.08.2024,2024-08-12,3,reported_waterlogging,1,,,,,not_checked,candidate_only,
Delhi Flood Control Order 2025,https://ifc.delhi.gov.in/sites/default/files/ifc/circulars-orders/fco_2025.pdf,2024,139,92,"Sector 14 Road, Dwarka","Adjacent to Dwarka Sector 14 Metro Station (both side), slip roads for U-turns",13.08.2024,2024-08-13,3,reported_waterlogging,1,,,,,not_checked,candidate_only,
Delhi Flood Control Order 2025,https://ifc.delhi.gov.in/sites/default/files/ifc/circulars-orders/fco_2025.pdf,2024,140,93,"Sector 14 Road, Dwarka",Near Metro Pillar No. 950A near roundabout Vegas Mall,11.08.2024,2024-08-11,1,reported_waterlogging,1,,,,,not_checked,candidate_only,
Delhi Flood Control Order 2025,https://ifc.delhi.gov.in/sites/default/files/ifc/circulars-orders/fco_2025.pdf,2024,141,94,"Sector 14 Road, Dwarka",Near Vegas Mall,31.07.2024,2024-07-31,1,reported_waterlogging,1,,,,,not_checked,candidate_only,
Delhi Flood Control Order 2025,https://ifc.delhi.gov.in/sites/default/files/ifc/circulars-orders/fco_2025.pdf,2024,142,95,"Sector 14 Road, Dwarka",Roundabout Golf Course Road to Metro Station Dwarka Sector 14,31.07.2024,2024-07-31,1,reported_waterlogging,1,,,,,not_checked,candidate_only,
Delhi Flood Control Order 2025,https://ifc.delhi.gov.in/sites/default/files/ifc/circulars-orders/fco_2025.pdf,2024,143,96,"Sector-13 Road, Dwarka","Roundabout Radisson Blu to Roundabout Vegas Mall (both inclusive), near EROS Mall / Sector 13 Metro Station, MCD Parking, Park near R/A Vegas Mall",29.08.2024,2024-08-29,2,reported_waterlogging,1,,,,,not_checked,candidate_only,
Delhi Flood Control Order 2025,https://ifc.delhi.gov.in/sites/default/files/ifc/circulars-orders/fco_2025.pdf,2024,143,97,"Sector-13 Road, Dwarka","Roundabout Radisson Blu to Roundabout Vegas Mall (both inclusive), near EROS Mall / Sector 13 Metro Station, MCD Parking, Park near R/A Vegas Mall",14.09.2024,2024-09-14,2,reported_waterlogging,1,,,,,not_checked,candidate_only,
Delhi Flood Control Order 2025,https://ifc.delhi.gov.in/sites/default/files/ifc/circulars-orders/fco_2025.pdf,2024,144,98,"Sector-14 Road, Dwarka",Near Metro Pillar No. 950A near Round About Vegas Mall,29.08.2024,2024-08-29,1,reported_waterlogging,1,,,,,not_checked,candidate_only,
Delhi Flood Control Order 2025,https://ifc.delhi.gov.in/sites/default/files/ifc/circulars-orders/fco_2025.pdf,2024,161,,Najafgarh Road,Delhi Gate; Chawala Stand; Khaira Mor; Sainik Enclave,10.09.2024,2024-09-10,,reported_waterlogging,1,,,,,not_checked; multi-location needs split,candidate_multi_location,"Added from official FCO 2025 section 2024, serial 161; omitted from the candidate workbook. Source groups four locations in one row, so geocode/split only after checking the full PDF and pilot boundary."
